Zoho_Id,Product ID
4359806000299886143,Single
4359806000299886136,Single
4359806000299886137,Single
4359806000299886139,2 Gate
4359806000299886139,2 Gate
4359806000299886143,French
4359806000299886136,French
4359806000299886137,French
4359806000299886143,Patio
4359806000299886143,Single
4359806000299886143,French
4359806000299886143,Patio
4359806000299886136,Patio
4359806000299886137,Patio
4359806000299886156,French
4359806000299886156,Patio
4359806000299886143,1 Sidelite
4359806000299886136,1 Sidelite
4359806000299886137,1 Sidelite
4359806000299886143,2 Sidelite
4359806000299886136,2 Sidelite
4359806000299886137,2 Sidelite
