Record Id,Component Name,Component ID
4359806000299886127,1x2 Cross Tube,1
4359806000299886128,1x2 Hinge Tube,2
4359806000299886129,1x2 Lock Tube,3
4359806000299886130,1x1 Center Tube,5
4359806000299886131,1/2 x 1/2 Horizontal Picket,6
4359806000299886132,1/2 x 1/2 Vertical Picket,7
4359806000299886133,0,8
4359806000299886134,Glass Panel,9
4359806000299886135,Fancy Freeze Glass Panel,10
4359806000299886136,Header,11
4359806000299886137,Jambs,12
4359806000299886138,1x1 Vertical Tube,14
4359806000299886139,Legs,15
4359806000299886140,1x1 Lock Tube,17
4359806000299886141,1x1 Hinge Tube,20
4359806000299886142,1x1 Horizontal Tube,22
4359806000299886143,Expander,23
4359806000299886144,1x3 Cross Tube,24
4359806000299886145,3/16x1 Center Strap,25
4359806000299886146,Screen Panel,27
4359806000299886147,M-13 Std Center Casting,28
4359806000299886148,03-003 CASTING,29
4359806000299886149,03-002 CASTING,30
4359806000299886150,03-016 CASTING,31
4359806000299886151,03-700 CASTING,32
4359806000299886152,Twisted bar,33
4359806000299886153,03-WG6 RUNNING OAK CORNER CASTING,34
4359806000299886154,03-WG1 CASTING,35
4359806000299886155,03-WG7 CENTER DESIGN,36
4359806000299886156,Astrical,37
4359806000299886157,0,38
4359806000299886158,03-WG5 CASTING,39
4359806000299886159,0,40
4359806000299886160,0,41
4359806000299886161,0,42
4359806000299886162,03-WG4 CASTING,43
4359806000299886163,03-023 CASTING,44
4359806000299886164,0,45
4359806000299886165,0,46
4359806000299886166,03-WG2 CASTING,47
4359806000299886167,03-WG14 CENTER DESIGN,48
4359806000299886168,0,49
4359806000299886169,M-12 Short Center Casting,50
4359806000299886170,03-WG15 CENTER DESIGN,51
4359806000299886171,03-039 CASTING,52
4359806000299886172,03-043 CASTING,53
4359806000299886173,03-044 CASTING,54
4359806000299886174,03-046 CASTING,55
4359806000299886175,03-047 CASTING,56
4359806000299886176,03-048 CASTING,57
4359806000299886177,03-058 CASTING,58
4359806000299886178,03-060 CASTING,59
4359806000299886179,03-068 CASTING,60
4359806000299886180,03-234 CASTING,61
4359806000299886181,03-100 CASTING,62
4359806000299886182,03-102 CASTING,63
4359806000299886183,03-102L CASTING,64
4359806000299886184,03-200 CASTING,65
4359806000299886185,03-201 CASTING,66
4359806000299886186,03-205B CASTING,67
4359806000299886187,03-208 CASTING,68
4359806000299886188,03-211 CASTING,69
4359806000299886189,03-213B CASTING,70
4359806000299886190,03-240 CASTING,71
4359806000299886191,03-264 CASTING,72
4359806000299886192,03-503 CASTING,73
4359806000299886193,03-550 CASTING,74
4359806000299886194,03-551 CASTING,75
4359806000299886195,03-553 CASTING,76
4359806000299886196,03-650 CASTING,77
4359806000299886197,03-650S CASTING,78
4359806000299886198,03-651 CASTING,79
4359806000299886199,03-707 CASTING,80
4359806000299886200,03-709F CASTING,81
4359806000299886201,03-713 CASTING,82
4359806000299886202,03-757 CASTING,83
4359806000299886203,02-001 Custom Bent Casting,84
4359806000299886204,02-002 ELITE PICKET PICKET W/BRASS COLLARS,85
4359806000299886205,03-001 CASTING,86
4359806000299886206,03-004 CASTING,87
4359806000299886207,03-005 CASTING,88
4359806000299886208,03-006 CASTING,89
4359806000299886209,03-008 CASTING,90
4359806000299886210,03-022 CASTING,91
4359806000299886211,03-027 CASTING,92
4359806000299886212,03-029 CASTING,93
4359806000299886213,03-030 CASTING,94
4359806000299886214,03-037 CASTING,95
4359806000299886215,03-038 CASTING,96
4359806000299886216,03-WG10 CENTER DESIGN,97
4359806000299886217,03-WG16 CENTER DESIGN,98
4359806000299886218,03-WG17 CENTER DESIGN,99
4359806000299886219,03-WG18 CENTER CASTING,100
4359806000299886220,03-WG3 CASTING,101
4359806000299886221,03-WG9 CASTING,102
4359806000299886222,03-WG12 CASTING,103
4359806000299886223,03-WG13 CASTING,104
4359806000299886224,1/2 X 1/2 HORIZONTAL CENTER DESIGN,105
4359806000299886225,3/4 X 40 ORNATUBE,106
4359806000299886226,3/4 X 40 ORNATUBE,107
4359806000299886227,1x1 HORIZONTAL PICKET,108
4359806000299886228,1X1 VERTICAL PICKET,109
4359806000299886229,HYDE PARK CASTING,110
4359806000299886230,AZTEC CASTING,111
4359806000299886231,AZTEC CENTER CASTING,112
4359806000299886232,DIAMOND CASTING,113
4359806000299886233,MISSION CASTING TOP,114
4359806000299886234,SOUTHERN CASTING TOP,115
4359806000299886235,SOUTHERN CASTING BOTTOM,116
4359806000299886236,Sunrise Casting,117
4359806000299886237,CROWNED DOUBLE CASTING,118
4359806000299886238,DEFENDER VERTICAL SPEAR HEADS,119
4359806000299886239,3/16 X 1 BENT BAR,120
4359806000299886240,MISSION CASTING BOTTOM,121
4359806000299886241,1X1 HORIZONTAL CENTER PICKET,122
4359806000299886242,RENAISSANCE CORNERS,123
4359806000299886243,7/16 SQ. TWISTED BAR,124
4359806000299886244,1/2 X 1/2 CENTER TUBE,125
4359806000299886245,3/4 x 1 - 1/2 Cross Tube,126
4359806000299886246,Renaissance Casting,127
4359806000299886247,Zuni Casting,128
4359806000299886248,1/2X1/2X11-1/2 Horizontal Picket,129
4359806000299886249,3/4 x 1 Vertical Picket,130
4359806000299886250,3/4 x 1 Horizontal Picket,131
4359806000299886251,Oxford Casting,132
4359806000299886252,Coyote #13,134
4359806000299886253,Moon #17,135
4359806000299886254,Kokopelli #16,136
4359806000299886255,Horse #21,137
4359806000299886256,Siesta #20,138
4359806000299886257,Corner #15,139
4359806000299886258,Gecko #14,140
4359806000299886259,Arapaho Freeze #11,141
4359806000299886260,Large Cactus #10A,142
4359806000299886261,Small Cactus #10B,143
4359806000299886262,Large Quail #18A,144
4359806000299886263,Small Quail #18B,145
4359806000299886264,Large Anasazi Feeeze #12A,146
4359806000299886265,Small Anazazi Freeze #12B,147
4359806000299886266,W-Freeze,148
4359806000299886267,03-709F Center Casting,150
4359806000299886268,American Casting,151
4359806000299886269,3/4 Vertical Ornatube,152
4359806000299886270,3/4 Horizontal Ornatube,153
4359806000299886271,1/2 x 1/2 157 Center Picket,154
4359806000299886272,1/2 x 1/2 157 Inside Picket,155
4359806000299886273,1/2 x 1/2 157 Outside Picket,156
4359806000299886274,217 Spear Casting,157
4359806000299886275,3/16 x 1 Strap for Defender,158
4359806000299886276,02-002 Vertical Aristocrat,161
4359806000299886277,02-002 Horizontal Aristocrat,162
4359806000299886278,Cayman Casting,163
4359806000299886279,Sunray Casting,164
4359806000299886280,Diamond Edge Casting,165
4359806000299886281,Empire Casting,166
4359806000299886282,Dynasty Top Casting,167
4359806000299886283,Dynasty Bottom Casting,168
4359806000299886284,Tulip Casting,169
4359806000299886285,1/2 x 1/2 SmFrz Picket,170
4359806000299886286,1/2 x 1/2 203 Outside Picket,171
4359806000299886287,1/2 x 1/2 203 Inside Picket,172
4359806000299886288,1/2 x 1/2 203 Horiz Picket,173
4359806000299886289,Prestige Casting,174
4359806000299886290,Brittany Casting #17,175
4359806000299886291,Atlantic Casting,176
4359806000299886292,Jamaica Casting,177
4359806000299886293,Art Deco Casting,178
4359806000299886294,1/2 x 1/2 StdFrz Picket,179
